{
  "dataset_size": 8002.0,
  "break_ratio": 0.2909272681829543,
  "total_length_mean": 2373.7336915771057,
  "total_length_std": 484.7622300000687,
  "total_length_min": 1258.0,
  "total_length_max": 3478.0,
  "pre_length_mean": 1749.5378655336167,
  "pre_length_std": 431.7981833790489,
  "post_length_mean": 624.1958260434891,
  "post_length_std": 215.85455026293764,
  "pre_post_ratio_mean": 3.236346938768054,
  "pre_post_ratio_std": 1.5911411518392984,
  "overall_value_mean": 0.0005759671982690462,
  "overall_value_std": 0.10548557992154473,
  "series_mean_mean": 0.0005785155866621776,
  "series_mean_std": 0.0036256043961533026,
  "series_std_mean": 0.01779934948393308,
  "series_std_std": 0.10522085816656598,
  "break_mean_diff_mean": -7.715786341173761e-05,
  "break_mean_diff_std": 0.006527230044667182,
  "break_std_diff_mean": -0.0021972535789100823,
  "break_std_diff_std": 0.06641624572455505,
  "no_break_mean_diff_mean": 2.4082487407361888e-05,
  "no_break_mean_diff_std": 0.00513760893431979
}